{
  "project_info": {
    "project_number": "570886789084",
    "project_id": "cet343-assignment-2a410",
    "storage_bucket": "cet343-assignment-2a410.appspot.com"
  },
  "client": [
    {
      "client_info": {
        "mobilesdk_app_id": "1:570886789084:android:cd157b73d3054ec6616119",
        "android_client_info": {
          "package_name": "com.example.cet343assignment"
        }
      },
      "oauth_client": [],
      "api_key": [
        {
          "current_key": "AIzaSyASDXm2ouNEhPnH2EAao4psY3mSBDswhcs"
        }
      ],
      "services": {
        "appinvite_service": {
          "other_platform_oauth_client": []
        }
      }
    }
  ],
  "configuration_version": "1"
}